pipeline_key,created_date_key,closed_date_key,product_key,customer_key,geography_key,opportunity_id,stage,units,amount_usd,is_won,sales_cycle_days
1,20250529,,1,465,9,OPP-000001,Qualified,20,107894.97,False,
2,20250607,,4,975,7,OPP-000002,Lead,13,855744.63,False,
3,20250511,,2,508,9,OPP-000003,Negotiation,13,38758.51,False,
4,20260203,,3,496,13,OPP-000004,Qualified,23,990759.38,False,
5,20250213,,2,919,13,OPP-000005,Lead,14,47374.5,False,
6,20260516,,1,587,10,OPP-000006,Proposal,14,80115.78,False,
7,20250311,20250510,2,603,6,OPP-000007,Lost,24,81820.55,False,60
8,20241217,20250514,3,615,5,OPP-000008,Lost,4,169536.67,False,148
9,20251222,20260526,4,999,10,OPP-000009,Won,4,276106.64,True,155
10,20240820,20240916,1,477,5,OPP-000010,Won,4,20766.67,True,27
11,20240812,20250105,1,384,6,OPP-000011,Lost,3,16718.49,False,146
12,20250330,20250919,2,189,6,OPP-000012,Won,24,82084.53,True,173
13,20250406,,5,533,5,OPP-000013,Qualified,15,1643982.83,False,
14,20250905,20260122,2,653,6,OPP-000014,Won,16,51774.2,True,139
15,20251221,20260312,5,929,7,OPP-000015,Won,20,2188610.62,True,81
16,20250814,20251114,5,988,14,OPP-000016,Lost,3,352304.41,False,92
17,20250529,20250709,1,168,3,OPP-000017,Lost,10,55837.58,False,41
18,20251215,20260420,3,256,10,OPP-000018,Lost,18,795225.23,False,126
19,20250718,,1,976,7,OPP-000019,Proposal,10,52483.37,False,
20,20260401,20260522,4,872,8,OPP-000020,Lost,16,981853.71,False,51
21,20250831,,3,866,10,OPP-000021,Proposal,10,409962.22,False,
22,20241209,20250503,4,963,14,OPP-000022,Won,12,762349.77,True,145
23,20240813,20241107,4,870,11,OPP-000023,Won,4,267144.64,True,86
24,20250909,20251221,4,142,14,OPP-000024,Won,19,1272582.41,True,103
25,20260220,20260531,5,232,14,OPP-000025,Won,13,1442983.74,True,141
26,20250126,,3,792,1,OPP-000026,Negotiation,1,43306.86,False,
27,20240610,,5,203,4,OPP-000027,Qualified,11,1263188.42,False,
28,20250502,20250916,3,759,3,OPP-000028,Lost,10,420619.94,False,137
29,20250821,,3,584,4,OPP-000029,Proposal,14,562095.57,False,
30,20240716,,5,162,11,OPP-000030,Negotiation,14,1649686.24,False,
31,20251008,,2,958,3,OPP-000031,Lead,21,66318.53,False,
32,20241228,,3,473,5,OPP-000032,Qualified,2,81338.43,False,
33,20241222,20250111,4,267,2,OPP-000033,Won,23,1369935.59,True,20
34,20241107,20241227,1,105,1,OPP-000034,Won,7,40923.7,True,50
35,20251010,,3,73,6,OPP-000035,Negotiation,23,948499.12,False,
36,20241110,,5,832,3,OPP-000036,Proposal,8,931245.63,False,
37,20241022,20241211,2,966,8,OPP-000037,Lost,10,32226.06,False,50
38,20250817,20251125,2,63,1,OPP-000038,Won,2,6379.64,True,100
39,20260507,20260531,5,287,13,OPP-000039,Won,4,438217.57,True,154
40,20250501,20250625,5,329,5,OPP-000040,Lost,16,1676600.23,False,55
41,20250604,20250714,4,975,7,OPP-000041,Won,14,866838.95,True,40
42,20250208,20250326,2,966,8,OPP-000042,Won,15,51428.4,True,46
43,20251215,20260220,3,546,5,OPP-000043,Won,9,393964.82,True,67
44,20250725,20251101,3,479,11,OPP-000044,Lost,1,42650.02,False,99
45,20260402,20260531,5,516,6,OPP-000045,Lost,20,2171159.21,False,115
46,20260328,,4,819,1,OPP-000046,Qualified,12,804415.5,False,
47,20260312,20260531,3,818,14,OPP-000047,Lost,12,537384.68,False,98
48,20250627,20250719,5,113,9,OPP-000048,Lost,9,1031305.71,False,22
49,20251005,20251231,5,783,5,OPP-000049,Lost,8,819001.1,False,87
50,20250710,20250919,3,730,14,OPP-000050,Lost,7,307187.21,False,71
51,20250819,20250929,4,464,12,OPP-000051,Won,24,1647967.94,True,41
52,20240922,,5,599,11,OPP-000052,Lead,9,1037391.0,False,
53,20250318,,5,763,2,OPP-000053,Qualified,4,434900.03,False,
54,20250518,20250622,3,450,10,OPP-000054,Won,25,978883.76,True,35
55,20250812,,3,5,13,OPP-000055,Negotiation,1,44899.5,False,
56,20251031,20260429,2,405,5,OPP-000056,Won,25,79564.4,True,180
57,20251207,,3,741,2,OPP-000057,Qualified,25,1051229.22,False,
58,20250325,20250918,1,884,14,OPP-000058,Won,2,11486.38,True,177
59,20250531,20250803,2,434,14,OPP-000059,Won,12,38318.32,True,64
60,20240831,20241123,5,684,1,OPP-000060,Lost,4,422377.74,False,84
61,20250830,,2,896,3,OPP-000061,Negotiation,14,48762.94,False,
62,20260206,20260531,3,942,11,OPP-000062,Won,19,731635.73,True,122
63,20250324,20250625,5,907,13,OPP-000063,Won,25,2836628.62,True,93
64,20260513,,1,132,2,OPP-000064,Qualified,19,100111.66,False,
65,20250804,20251030,1,791,13,OPP-000065,Won,19,97956.48,True,87
66,20251121,20260325,5,983,12,OPP-000066,Lost,15,1715680.24,False,124
67,20251018,20260212,5,545,8,OPP-000067,Won,10,1140051.04,True,117
68,20260322,,5,443,2,OPP-000068,Lead,9,1050993.03,False,
69,20250524,20250722,2,920,14,OPP-000069,Won,9,30364.44,True,59
70,20260531,20260531,5,70,14,OPP-000070,Won,6,701401.75,True,144
71,20250402,,3,588,12,OPP-000071,Negotiation,13,558976.84,False,
72,20260427,20260531,2,829,9,OPP-000072,Lost,14,46074.01,False,82
73,20241220,20250524,5,255,7,OPP-000073,Won,20,2322363.38,True,155
74,20251207,20260304,1,606,10,OPP-000074,Won,8,46726.07,True,87
75,20241010,,1,410,11,OPP-000075,Qualified,18,98617.98,False,
76,20240616,20240918,1,935,7,OPP-000076,Won,14,72732.33,True,94
77,20260130,20260501,5,723,13,OPP-000077,Lost,22,2635047.66,False,91
78,20260418,20260531,5,362,5,OPP-000078,Lost,11,1209070.35,False,65
79,20241028,,4,397,4,OPP-000079,Qualified,16,1087401.92,False,
80,20250319,20250729,2,940,13,OPP-000080,Lost,9,29925.53,False,132
81,20250412,20250502,5,805,8,OPP-000081,Won,21,2502757.47,True,20
82,20250831,20260227,1,712,1,OPP-000082,Won,10,58834.12,True,180
83,20251125,,2,214,6,OPP-000083,Lead,25,78053.88,False,
84,20240816,,5,11,8,OPP-000084,Proposal,24,2655959.56,False,
85,20250530,,3,603,6,OPP-000085,Lead,18,721834.26,False,
86,20250825,20251208,2,956,1,OPP-000086,Lost,18,57753.48,False,105
87,20240911,20250120,3,619,14,OPP-000087,Won,12,535469.5,True,131
88,20250913,,2,38,4,OPP-000088,Lead,1,3122.82,False,
89,20241011,20241219,2,69,12,OPP-000089,Lost,16,55714.4,False,69
90,20250714,,2,107,1,OPP-000090,Proposal,21,63842.78,False,
91,20241118,,1,836,10,OPP-000091,Qualified,11,61648.11,False,
92,20240904,20241027,2,206,9,OPP-000092,Won,9,30808.51,True,53
93,20250326,,2,965,2,OPP-000093,Lead,12,37401.59,False,
94,20250110,,1,100,13,OPP-000094,Negotiation,2,11139.33,False,
95,20251222,,2,614,7,OPP-000095,Lead,25,78662.45,False,
96,20260201,,1,810,5,OPP-000096,Negotiation,9,47465.56,False,
97,20260314,20260531,1,964,9,OPP-000097,Won,7,41775.5,True,164
98,20241226,20250515,5,847,13,OPP-000098,Lost,8,849365.48,False,140
99,20260406,20260531,2,235,8,OPP-000099,Lost,11,37099.16,False,66
100,20251108,20260127,5,9,5,OPP-000100,Lost,16,1710087.17,False,80
101,20250223,20250330,2,772,10,OPP-000101,Won,16,52885.42,True,35
102,20250108,20250615,3,663,9,OPP-000102,Won,14,565979.3,True,158
103,20240611,20240710,4,40,2,OPP-000103,Won,15,897382.15,True,29
104,20250429,,3,479,11,OPP-000104,Proposal,4,162460.04,False,
105,20241125,20241222,2,930,5,OPP-000105,Lost,20,65350.52,False,27
106,20250430,20251006,3,432,12,OPP-000106,Won,5,222454.08,True,159
107,20260131,20260303,2,728,4,OPP-000107,Won,10,31530.56,True,31
108,20250715,20251009,4,107,1,OPP-000108,Won,18,1124772.7,True,86
109,20250909,20260205,3,692,5,OPP-000109,Lost,7,302870.67,False,149
110,20251013,,2,396,1,OPP-000110,Lead,24,81249.9,False,
111,20250516,20250919,2,945,11,OPP-000111,Lost,7,20916.86,False,126
112,20240612,20241104,2,324,4,OPP-000112,Lost,9,29435.89,False,145
113,20251217,20260102,3,542,3,OPP-000113,Lost,8,306484.53,False,16
114,20250209,20250403,3,949,1,OPP-000114,Lost,18,754743.9,False,53
115,20241120,,3,700,12,OPP-000115,Proposal,22,888029.53,False,
116,20250806,20251113,1,441,6,OPP-000116,Lost,11,58011.75,False,99
117,20240619,20240818,2,654,2,OPP-000117,Lost,22,66535.74,False,60
118,20240902,20241110,3,397,4,OPP-000118,Won,7,274646.25,True,69
119,20240626,,1,486,6,OPP-000119,Lead,11,60286.19,False,
120,20260410,20260531,3,659,8,OPP-000120,Lost,22,860959.6,False,116
121,20251205,20260228,4,877,12,OPP-000121,Won,1,68003.45,True,85
122,20250503,20250819,3,30,4,OPP-000122,Won,20,885126.85,True,108
123,20250626,,2,787,9,OPP-000123,Lead,8,24528.95,False,
124,20250520,20251015,5,646,1,OPP-000124,Lost,4,417702.94,False,148
125,20260119,20260521,5,765,6,OPP-000125,Won,7,815123.99,True,122
126,20241031,,4,589,2,OPP-000126,Negotiation,9,549825.05,False,
127,20250920,20251021,4,69,12,OPP-000127,Won,14,854471.13,True,31
128,20251226,20260115,5,369,11,OPP-000128,Won,9,1031184.61,True,20
129,20260417,20260531,2,924,4,OPP-000129,Lost,12,37650.17,False,130
130,20250718,20251103,5,168,3,OPP-000130,Won,1,117291.4,True,108
131,20240624,20240803,1,229,3,OPP-000131,Won,14,78550.52,True,40
132,20251116,,3,491,14,OPP-000132,Proposal,12,531507.34,False,
133,20250120,20250621,1,352,13,OPP-000133,Won,13,71333.72,True,152
134,20240623,20241122,3,50,11,OPP-000134,Won,1,44357.46,True,152
135,20240930,20241215,4,760,14,OPP-000135,Won,13,805828.13,True,76
136,20260306,20260531,4,245,7,OPP-000136,Lost,9,551413.57,False,100
137,20260522,20260531,3,100,13,OPP-000137,Lost,2,86145.71,False,132
138,20241227,20250419,5,987,8,OPP-000138,Won,10,1108838.56,True,113
139,20250827,20251030,4,607,13,OPP-000139,Lost,18,1215989.86,False,64
140,20260329,20260531,5,351,6,OPP-000140,Won,19,2248762.49,True,176
141,20241202,,3,761,5,OPP-000141,Qualified,13,511699.74,False,
142,20240613,20240703,3,107,1,OPP-000142,Lost,3,116864.47,False,20
143,20250312,20250612,2,663,9,OPP-000143,Lost,8,24175.97,False,92
144,20260408,,1,540,9,OPP-000144,Lead,10,57361.61,False,
145,20241209,20250427,4,593,7,OPP-000145,Lost,12,748392.67,False,139
146,20260223,,1,649,1,OPP-000146,Qualified,17,100883.21,False,
147,20240916,20241026,5,474,6,OPP-000147,Lost,23,2475127.62,False,40
148,20250526,20250726,4,447,5,OPP-000148,Won,19,1292951.18,True,61
149,20250925,20260104,3,500,14,OPP-000149,Won,3,123195.77,True,101
150,20250205,20250514,3,36,3,OPP-000150,Won,14,590595.23,True,98
151,20250710,20251211,2,166,12,OPP-000151,Won,16,47919.94,True,154
152,20250802,,4,150,7,OPP-000152,Qualified,6,405456.28,False,
153,20251227,,3,273,10,OPP-000153,Lead,19,837088.77,False,
154,20260523,,5,910,14,OPP-000154,Lead,6,614543.6,False,
155,20241120,20250402,1,55,10,OPP-000155,Won,10,52795.91,True,133
156,20250703,20251227,3,638,1,OPP-000156,Won,3,123340.99,True,177
157,20250531,,4,275,1,OPP-000157,Qualified,1,64862.17,False,
158,20250702,,5,233,7,OPP-000158,Proposal,22,2257943.06,False,
159,20260401,20260531,4,739,3,OPP-000159,Won,15,979753.65,True,69
160,20260102,20260421,3,386,9,OPP-000160,Won,13,537813.01,True,109
161,20260515,,4,695,8,OPP-000161,Qualified,21,1452018.1,False,
162,20241228,,3,714,13,OPP-000162,Proposal,19,850818.33,False,
163,20240829,20241001,5,238,5,OPP-000163,Won,9,984552.38,True,33
164,20241016,20241124,1,420,11,OPP-000164,Won,18,94334.39,True,39
165,20250826,,3,221,5,OPP-000165,Lead,13,511946.87,False,
166,20260418,,3,230,6,OPP-000166,Qualified,15,604140.7,False,
167,20250402,,4,873,4,OPP-000167,Qualified,3,179604.59,False,
168,20260304,20260329,3,496,13,OPP-000168,Won,24,974959.88,True,25
169,20241209,20250407,3,861,4,OPP-000169,Lost,16,678510.22,False,119
170,20251031,20251222,2,738,10,OPP-000170,Won,8,27501.38,True,52
171,20250209,20250303,4,350,2,OPP-000171,Lost,14,929390.37,False,22
172,20250501,,3,435,8,OPP-000172,Proposal,18,725106.69,False,
173,20250509,20250810,2,832,3,OPP-000173,Won,8,26931.45,True,93
174,20260324,20260531,1,483,7,OPP-000174,Won,4,20969.97,True,78
175,20251115,20260201,4,686,13,OPP-000175,Won,2,122644.24,True,78
176,20260510,20260531,5,127,8,OPP-000176,Won,3,346679.74,True,146
177,20250228,,2,797,10,OPP-000177,Proposal,21,67517.09,False,
178,20260414,20260531,2,467,14,OPP-000178,Won,3,9728.22,True,150
179,20251105,20260413,4,293,6,OPP-000179,Won,13,897281.59,True,159
180,20250502,20250917,5,23,9,OPP-000180,Lost,18,1889074.74,False,138
181,20260227,20260406,1,549,11,OPP-000181,Won,11,57634.11,True,38
182,20250209,,2,696,12,OPP-000182,Proposal,16,54922.37,False,
183,20251116,20260304,2,49,9,OPP-000183,Lost,17,53153.7,False,108
184,20241106,20250127,1,897,14,OPP-000184,Won,16,90922.26,True,82
185,20241021,20250111,3,838,11,OPP-000185,Won,1,44644.81,True,82
186,20240701,20240929,5,365,9,OPP-000186,Lost,24,2621565.78,False,90
187,20250103,20250515,5,493,9,OPP-000187,Lost,20,2398695.73,False,132
188,20250523,20250817,5,419,6,OPP-000188,Lost,12,1335064.23,False,86
189,20251126,20260212,2,595,5,OPP-000189,Won,15,52283.34,True,78
190,20241125,20241220,2,54,11,OPP-000190,Won,2,6675.9,True,25
191,20260124,20260517,2,762,6,OPP-000191,Won,16,54416.11,True,113
192,20260309,,3,335,5,OPP-000192,Lead,23,1020150.91,False,
193,20250305,20250406,5,777,10,OPP-000193,Lost,16,1860722.86,False,32
194,20240629,,4,432,12,OPP-000194,Qualified,19,1259161.7,False,
195,20241114,,4,763,2,OPP-000195,Negotiation,10,633124.72,False,
196,20250208,20250711,4,398,11,OPP-000196,Won,20,1385954.24,True,153
197,20250323,20250414,5,40,2,OPP-000197,Lost,17,1921295.5,False,22
198,20250303,,5,16,1,OPP-000198,Qualified,15,1769281.07,False,
199,20241210,,4,916,8,OPP-000199,Proposal,7,481597.04,False,
200,20241108,20250120,3,356,6,OPP-000200,Won,12,507933.7,True,73
201,20240617,20240727,5,693,13,OPP-000201,Lost,10,1053459.41,False,40
202,20240908,20241228,1,443,2,OPP-000202,Lost,23,119909.18,False,111
203,20240605,,3,907,13,OPP-000203,Proposal,18,710399.85,False,
204,20250213,,3,540,9,OPP-000204,Qualified,14,542842.22,False,
205,20260223,20260531,5,143,8,OPP-000205,Won,9,1027617.22,True,127
206,20250223,,4,442,5,OPP-000206,Proposal,9,596104.29,False,
207,20260317,20260531,2,53,4,OPP-000207,Won,5,15089.05,True,102
208,20250820,20251017,5,239,1,OPP-000208,Lost,11,1269190.31,False,58
209,20250625,20251017,1,319,3,OPP-000209,Lost,22,122284.88,False,114
210,20240813,,3,210,11,OPP-000210,Negotiation,3,130916.52,False,
211,20250508,,2,478,10,OPP-000211,Negotiation,6,18770.79,False,
212,20250628,20251127,1,25,3,OPP-000212,Won,18,103367.12,True,152
213,20240807,20241010,1,333,9,OPP-000213,Lost,18,101629.35,False,64
214,20260110,20260310,2,66,12,OPP-000214,Lost,6,18714.94,False,59
215,20250619,,4,176,12,OPP-000215,Negotiation,19,1179329.43,False,
216,20250123,,3,339,14,OPP-000216,Negotiation,9,358587.9,False,
217,20251022,20251211,2,473,5,OPP-000217,Won,7,21920.73,True,50
218,20260211,,5,847,13,OPP-000218,Negotiation,10,1079329.68,False,
219,20240925,20250121,1,382,4,OPP-000219,Won,2,10392.45,True,118
220,20260319,20260524,5,542,3,OPP-000220,Won,10,1176314.56,True,66
221,20250316,,2,171,3,OPP-000221,Lead,8,24182.22,False,
222,20251107,20251125,4,654,2,OPP-000222,Lost,6,395570.37,False,18
223,20250801,20260123,3,113,9,OPP-000223,Won,19,787277.08,True,175
224,20251212,20260214,1,523,14,OPP-000224,Won,22,124518.76,True,64
225,20250308,20250616,1,7,1,OPP-000225,Lost,25,143458.92,False,100
226,20241229,20250328,2,622,14,OPP-000226,Won,8,24647.83,True,89
227,20250504,20250719,2,217,12,OPP-000227,Lost,4,13319.57,False,76
228,20241207,20250201,1,477,5,OPP-000228,Won,1,5550.43,True,56
229,20240901,20241115,2,391,4,OPP-000229,Lost,9,30069.95,False,75
230,20241204,,3,158,2,OPP-000230,Proposal,11,446383.84,False,
231,20251207,20260424,3,656,9,OPP-000231,Won,21,807665.43,True,138
232,20240608,,3,137,13,OPP-000232,Qualified,1,39053.93,False,
233,20260209,20260531,1,149,3,OPP-000233,Won,13,75434.22,True,136
234,20260501,20260531,5,913,6,OPP-000234,Won,6,695346.16,True,142
235,20260530,20260531,4,129,3,OPP-000235,Won,4,251008.87,True,144
236,20241230,,5,340,7,OPP-000236,Qualified,14,1531385.24,False,
237,20250613,20250714,1,682,5,OPP-000237,Won,1,5306.69,True,31
238,20240619,,2,456,6,OPP-000238,Proposal,19,59377.9,False,
239,20251210,20260330,1,783,5,OPP-000239,Won,21,113217.62,True,110
240,20250915,,4,259,3,OPP-000240,Proposal,24,1447559.35,False,
241,20250216,20250612,1,271,5,OPP-000241,Won,4,20906.16,True,116
242,20241029,,3,432,12,OPP-000242,Negotiation,11,480540.78,False,
243,20250506,20250820,3,307,11,OPP-000243,Lost,16,626807.09,False,106
244,20250920,20251023,4,29,8,OPP-000244,Won,14,927375.37,True,33
245,20250630,,4,335,5,OPP-000245,Qualified,25,1548742.5,False,
246,20241207,20250130,4,436,8,OPP-000246,Lost,8,552703.98,False,54
247,20251222,,2,819,1,OPP-000247,Negotiation,13,39860.14,False,
248,20240731,20241123,2,145,2,OPP-000248,Lost,15,47656.37,False,115
249,20241014,20241124,1,639,3,OPP-000249,Lost,22,128756.62,False,41
250,20240926,20241125,2,827,8,OPP-000250,Won,23,78468.89,True,60
251,20260419,20260531,5,284,1,OPP-000251,Lost,4,435929.64,False,141
252,20240816,20241128,4,874,13,OPP-000252,Lost,12,795206.57,False,104
253,20250413,,2,58,7,OPP-000253,Lead,17,53542.0,False,
254,20241230,20250127,2,112,11,OPP-000254,Won,13,44940.21,True,28
255,20250708,20251003,1,686,13,OPP-000255,Lost,9,52497.03,False,87
256,20250919,20251105,2,338,5,OPP-000256,Won,5,16207.56,True,47
257,20250314,20250516,1,368,11,OPP-000257,Lost,3,16260.4,False,63
258,20260117,20260419,3,634,5,OPP-000258,Lost,25,1123972.37,False,92
259,20250330,20250728,5,779,5,OPP-000259,Lost,14,1543434.36,False,120
260,20250213,20250322,5,270,9,OPP-000260,Won,18,1996713.22,True,37
261,20250916,20251107,2,909,7,OPP-000261,Won,11,33871.5,True,52
262,20260323,20260531,2,571,8,OPP-000262,Won,8,27231.76,True,108
263,20240709,,2,99,5,OPP-000263,Qualified,10,32346.64,False,
264,20240616,20240721,3,590,7,OPP-000264,Won,22,846258.81,True,35
265,20240821,20241212,1,194,4,OPP-000265,Lost,21,117803.46,False,113
266,20240729,,4,834,7,OPP-000266,Lead,23,1460918.31,False,
267,20250214,20250616,2,328,7,OPP-000267,Won,8,24754.69,True,122
268,20250930,,5,793,1,OPP-000268,Negotiation,11,1270291.43,False,
269,20260430,20260531,5,95,3,OPP-000269,Lost,15,1547016.09,False,80
270,20251002,20260206,1,79,4,OPP-000270,Lost,23,135115.76,False,127
271,20250814,,5,363,13,OPP-000271,Proposal,4,431630.98,False,
272,20260503,20260531,5,28,12,OPP-000272,Won,6,634613.59,True,166
273,20250628,20250807,5,43,1,OPP-000273,Lost,10,1123453.74,False,40
274,20250824,20260204,2,665,4,OPP-000274,Won,12,37035.55,True,164
275,20241230,,3,5,13,OPP-000275,Proposal,10,412462.79,False,
276,20251013,,1,704,2,OPP-000276,Negotiation,7,41221.27,False,
277,20250306,20250330,2,235,8,OPP-000277,Won,10,31688.78,True,24
278,20250704,,3,749,12,OPP-000278,Proposal,14,589229.15,False,
279,20251006,,3,939,9,OPP-000279,Lead,1,39271.77,False,
280,20250828,20251205,4,429,13,OPP-000280,Won,1,67913.24,True,99
281,20250314,,1,216,14,OPP-000281,Lead,5,25850.76,False,
282,20260314,20260529,5,586,9,OPP-000282,Won,3,324870.27,True,76
283,20241006,,3,764,1,OPP-000283,Lead,18,721956.01,False,
284,20240614,20240802,1,715,4,OPP-000284,Won,19,106585.22,True,49
285,20250404,20250613,1,294,4,OPP-000285,Won,10,57993.22,True,70
286,20260412,20260531,2,245,7,OPP-000286,Lost,15,47074.0,False,87
287,20250118,20250611,5,287,13,OPP-000287,Won,6,679254.91,True,144
288,20240830,,3,479,11,OPP-000288,Negotiation,7,309060.73,False,
289,20240909,20241008,1,244,12,OPP-000289,Lost,17,99001.26,False,29
290,20250227,,5,721,14,OPP-000290,Proposal,8,947043.67,False,
291,20260409,,1,892,14,OPP-000291,Qualified,14,78012.97,False,
292,20240613,,1,493,9,OPP-000292,Lead,18,105268.47,False,
293,20240903,20241207,4,782,6,OPP-000293,Lost,4,248574.38,False,95
294,20250105,20250526,4,634,5,OPP-000294,Lost,13,819518.88,False,141
295,20251030,,1,792,1,OPP-000295,Negotiation,12,61406.24,False,
296,20250711,,3,46,4,OPP-000296,Lead,22,909418.78,False,
297,20240916,20241111,4,263,4,OPP-000297,Won,20,1388603.03,True,56
298,20260512,20260531,5,682,5,OPP-000298,Won,25,2861728.32,True,29
299,20241210,20250206,2,581,8,OPP-000299,Won,25,84822.68,True,58
300,20260223,20260516,1,490,2,OPP-000300,Won,16,93621.05,True,82
301,20241115,20250222,2,330,7,OPP-000301,Won,15,44962.88,True,99
302,20250908,,5,809,14,OPP-000302,Lead,1,117540.92,False,
303,20260429,20260531,2,409,12,OPP-000303,Won,1,3257.48,True,51
304,20250731,20251217,5,678,3,OPP-000304,Won,21,2488571.33,True,139
305,20240928,20241227,4,615,5,OPP-000305,Lost,11,702562.63,False,90
306,20251113,20251231,1,632,13,OPP-000306,Won,5,28973.7,True,48
307,20241206,20250406,4,988,14,OPP-000307,Lost,23,1596810.47,False,121
308,20251111,,1,235,8,OPP-000308,Negotiation,16,86750.58,False,
309,20260210,20260531,4,826,8,OPP-000309,Lost,23,1587256.93,False,135
310,20241121,,4,418,9,OPP-000310,Qualified,20,1247340.76,False,
311,20250730,,3,369,11,OPP-000311,Qualified,1,42955.33,False,
312,20250128,,1,297,7,OPP-000312,Lead,25,129892.9,False,
313,20260329,20260531,4,286,2,OPP-000313,Won,17,1067861.25,True,125
314,20241223,20250320,3,36,3,OPP-000314,Won,13,567478.21,True,87
315,20250322,,4,320,3,OPP-000315,Proposal,19,1307130.79,False,
316,20250315,20250621,1,824,1,OPP-000316,Won,22,114737.1,True,98
317,20250929,20260116,4,576,11,OPP-000317,Lost,4,257761.46,False,109
318,20260414,20260531,1,127,8,OPP-000318,Lost,14,81691.88,False,122
319,20241129,,3,477,5,OPP-000319,Negotiation,13,572913.2,False,
320,20250605,20250901,3,584,4,OPP-000320,Lost,20,870922.19,False,88
321,20240928,,4,189,6,OPP-000321,Qualified,10,691226.44,False,
322,20250325,,3,114,7,OPP-000322,Proposal,7,277461.71,False,
323,20250311,,2,711,12,OPP-000323,Qualified,1,3085.56,False,
324,20250828,20251218,1,759,3,OPP-000324,Lost,23,122372.12,False,112
325,20240807,,5,913,6,OPP-000325,Lead,11,1207728.71,False,
326,20250930,,5,179,3,OPP-000326,Qualified,9,1064732.07,False,
327,20240926,20250122,5,238,5,OPP-000327,Won,3,335429.53,True,118
328,20260331,20260513,4,372,9,OPP-000328,Won,13,780755.52,True,43
329,20241102,20250418,1,360,11,OPP-000329,Won,25,127775.42,True,167
330,20260215,,2,682,5,OPP-000330,Qualified,19,66467.0,False,
331,20240727,20240914,1,805,8,OPP-000331,Won,20,114294.81,True,49
332,20240618,,5,624,10,OPP-000332,Lead,11,1141862.28,False,
333,20260518,20260531,5,693,13,OPP-000333,Lost,15,1556243.8,False,50
334,20250211,20250610,4,100,13,OPP-000334,Won,4,257419.3,True,119
335,20260502,,4,396,1,OPP-000335,Qualified,9,626882.37,False,
336,20260312,20260531,2,265,8,OPP-000336,Won,12,41911.49,True,150
337,20241231,20250430,1,791,13,OPP-000337,Lost,23,127828.2,False,120
338,20260409,,1,80,2,OPP-000338,Qualified,13,70252.85,False,
339,20251029,20251126,3,975,7,OPP-000339,Won,4,178114.97,True,28
340,20240717,,4,338,5,OPP-000340,Negotiation,6,397684.52,False,
341,20250615,20250717,5,887,4,OPP-000341,Won,19,2058606.49,True,32
342,20240908,20241203,1,373,4,OPP-000342,Won,14,78261.35,True,86
343,20260120,,1,622,14,OPP-000343,Negotiation,11,57754.76,False,
344,20240829,,4,238,5,OPP-000344,Proposal,18,1154661.66,False,
345,20250118,20250511,3,633,9,OPP-000345,Won,21,901840.79,True,113
346,20241111,,3,130,4,OPP-000346,Qualified,3,117629.55,False,
347,20251002,20260103,1,424,11,OPP-000347,Lost,10,59560.07,False,93
348,20241017,,4,868,9,OPP-000348,Qualified,17,1087778.76,False,
349,20260313,,2,207,11,OPP-000349,Proposal,16,53798.73,False,
350,20241024,,5,511,14,OPP-000350,Proposal,21,2386868.6,False,
351,20250101,20250621,4,318,3,OPP-000351,Won,2,129924.79,True,171
352,20250326,20250628,2,685,3,OPP-000352,Lost,15,45748.47,False,94
353,20260116,20260531,3,446,12,OPP-000353,Won,13,556641.84,True,147
354,20250602,,5,508,9,OPP-000354,Proposal,9,997728.14,False,
355,20241205,20250314,5,461,9,OPP-000355,Lost,12,1307679.35,False,99
356,20251111,,3,936,6,OPP-000356,Lead,18,691761.3,False,
357,20250909,20251006,2,82,8,OPP-000357,Won,9,28245.51,True,27
358,20241228,20250127,4,296,4,OPP-000358,Won,22,1351874.28,True,30
359,20250228,20250418,3,589,2,OPP-000359,Won,22,862151.74,True,49
360,20251205,20260531,4,220,10,OPP-000360,Won,16,1080110.27,True,180
361,20240825,,4,750,6,OPP-000361,Negotiation,14,968474.5,False,
362,20260417,20260531,3,921,8,OPP-000362,Won,9,366761.89,True,141
363,20241107,,5,450,10,OPP-000363,Lead,8,854824.54,False,
364,20250420,20250904,4,134,8,OPP-000364,Won,13,863692.63,True,137
365,20240622,,2,679,13,OPP-000365,Negotiation,6,20461.95,False,
366,20250225,20250424,1,846,6,OPP-000366,Won,16,89674.44,True,58
367,20240622,,1,196,3,OPP-000367,Negotiation,2,11398.91,False,
368,20250502,,2,769,12,OPP-000368,Proposal,11,36510.6,False,
369,20250315,20250519,5,680,7,OPP-000369,Won,5,593197.66,True,65
370,20241214,,4,567,9,OPP-000370,Qualified,7,452027.29,False,
371,20260526,,1,77,10,OPP-000371,Proposal,20,116051.23,False,
372,20240712,20241008,3,206,9,OPP-000372,Lost,15,606608.63,False,88
373,20260512,,1,620,3,OPP-000373,Negotiation,24,138856.33,False,
374,20260320,20260515,2,679,13,OPP-000374,Lost,11,38486.61,False,56
375,20240622,20240720,4,526,6,OPP-000375,Lost,21,1263583.88,False,28
376,20260214,,5,100,13,OPP-000376,Negotiation,8,944112.0,False,
377,20250301,,5,951,9,OPP-000377,Qualified,5,529673.19,False,
378,20260525,20260531,1,180,8,OPP-000378,Won,12,71108.33,True,20
379,20250315,,1,349,9,OPP-000379,Proposal,18,95780.38,False,
380,20241220,20250523,2,70,14,OPP-000380,Won,6,19837.54,True,154
381,20260523,,4,815,14,OPP-000381,Proposal,20,1398534.92,False,
382,20260219,,5,20,8,OPP-000382,Qualified,11,1305857.25,False,
383,20241121,,2,920,14,OPP-000383,Negotiation,19,61422.05,False,
384,20260419,,2,954,1,OPP-000384,Qualified,18,58762.21,False,
385,20260120,20260224,4,899,8,OPP-000385,Won,10,644798.85,True,35
386,20251006,20260213,4,482,13,OPP-000386,Won,11,681002.94,True,130
387,20260123,,2,597,2,OPP-000387,Qualified,18,59626.04,False,
388,20251220,,1,758,10,OPP-000388,Qualified,21,110210.66,False,
389,20250223,20250801,1,288,2,OPP-000389,Won,6,32392.26,True,159
390,20250615,,1,487,8,OPP-000390,Proposal,19,102888.64,False,
391,20250624,20250730,2,823,12,OPP-000391,Won,12,36677.99,True,36
392,20250108,20250527,3,424,11,OPP-000392,Won,24,1071846.15,True,139
393,20260524,20260531,3,156,10,OPP-000393,Lost,12,472429.01,False,96
394,20250311,20250404,1,858,1,OPP-000394,Won,16,81673.02,True,24
395,20251019,20251123,5,608,10,OPP-000395,Won,2,220101.44,True,35
396,20241231,20250514,3,540,9,OPP-000396,Won,8,309016.96,True,134
397,20250328,20250520,5,274,3,OPP-000397,Lost,13,1350619.33,False,53
398,20241216,20250107,4,748,11,OPP-000398,Lost,19,1272380.34,False,22
399,20241127,,4,374,3,OPP-000399,Proposal,25,1669287.17,False,
400,20260101,,3,637,12,OPP-000400,Proposal,6,253174.21,False,
401,20241201,,1,72,2,OPP-000401,Qualified,23,134513.84,False,
402,20250426,20250715,3,631,12,OPP-000402,Lost,12,519299.77,False,80
403,20250715,,2,524,6,OPP-000403,Lead,8,26645.55,False,
404,20250702,20251104,1,409,12,OPP-000404,Won,2,11455.17,True,125
405,20250716,20250812,2,783,5,OPP-000405,Lost,9,27448.7,False,27
406,20250704,20250809,5,715,4,OPP-000406,Won,21,2493081.32,True,36
407,20250420,20250514,5,154,4,OPP-000407,Lost,3,345216.3,False,24
408,20241220,20250411,3,936,6,OPP-000408,Won,3,126922.34,True,112
409,20241205,20250203,5,428,2,OPP-000409,Won,7,836478.69,True,60
410,20241030,20250227,3,98,7,OPP-000410,Won,7,290596.01,True,120
411,20250729,20251012,1,356,6,OPP-000411,Won,7,40575.83,True,75
412,20260527,20260531,4,594,13,OPP-000412,Won,21,1408100.61,True,46
413,20240707,,5,606,10,OPP-000413,Qualified,19,2198445.67,False,
414,20250215,,5,83,5,OPP-000414,Qualified,3,349082.87,False,
415,20260429,20260531,1,344,8,OPP-000415,Lost,5,28985.14,False,94
416,20241116,,2,206,9,OPP-000416,Proposal,11,34985.17,False,
417,20240904,20250227,2,183,8,OPP-000417,Won,19,57893.61,True,176
418,20240718,,1,40,2,OPP-000418,Qualified,18,96389.0,False,
419,20240602,,2,694,1,OPP-000419,Negotiation,13,44230.55,False,
420,20240812,,2,684,1,OPP-000420,Negotiation,15,49106.65,False,
421,20250106,,1,67,7,OPP-000421,Qualified,1,5643.11,False,
422,20250515,20251018,3,284,1,OPP-000422,Won,9,353514.5,True,156
423,20250527,20250803,1,486,6,OPP-000423,Won,15,78014.08,True,68
424,20250913,20251201,5,278,9,OPP-000424,Won,14,1574971.18,True,79
425,20251225,20260520,3,419,6,OPP-000425,Won,22,872813.42,True,146
426,20260207,20260228,3,806,3,OPP-000426,Won,19,734540.0,True,21
427,20250425,,5,294,4,OPP-000427,Qualified,18,1915150.52,False,
428,20240916,20241031,4,890,5,OPP-000428,Lost,18,1232679.19,False,45
429,20250717,,5,567,9,OPP-000429,Qualified,10,1078993.38,False,
430,20250831,,3,336,7,OPP-000430,Qualified,14,619288.39,False,
431,20260320,20260511,5,889,12,OPP-000431,Won,22,2614493.2,True,52
432,20250821,20251008,2,404,2,OPP-000432,Lost,9,29274.81,False,48
433,20250820,20250916,5,848,11,OPP-000433,Won,2,220452.8,True,27
434,20251019,,2,869,2,OPP-000434,Qualified,22,72248.87,False,
435,20241024,20250420,1,71,3,OPP-000435,Won,14,76309.77,True,178
436,20250902,20250924,4,534,13,OPP-000436,Won,19,1290779.65,True,22
437,20241212,,2,139,9,OPP-000437,Negotiation,6,20180.22,False,
438,20250219,,3,316,6,OPP-000438,Proposal,19,767414.03,False,
439,20240710,20241120,5,271,5,OPP-000439,Won,14,1630146.64,True,133
440,20251003,,5,593,7,OPP-000440,Qualified,16,1736417.56,False,
441,20240820,,2,923,1,OPP-000441,Lead,3,9036.82,False,
442,20260323,20260531,5,718,10,OPP-000442,Won,16,1641073.44,True,163
443,20260328,20260531,2,367,12,OPP-000443,Won,21,69294.95,True,180
444,20250219,20250620,2,446,12,OPP-000444,Won,13,41184.53,True,121
445,20250116,,4,571,8,OPP-000445,Qualified,23,1579206.99,False,
446,20250912,,5,103,2,OPP-000446,Qualified,5,584801.7,False,
447,20251117,20260321,5,1000,8,OPP-000447,Won,23,2499162.31,True,124
448,20260213,,2,104,9,OPP-000448,Proposal,4,13853.17,False,
449,20260302,20260531,3,87,5,OPP-000449,Lost,11,441881.92,False,148
450,20260205,20260401,5,627,13,OPP-000450,Lost,23,2376845.12,False,55
451,20250709,,5,857,11,OPP-000451,Negotiation,22,2260193.98,False,
452,20240721,,5,688,6,OPP-000452,Lead,1,103312.37,False,
453,20250606,,3,997,8,OPP-000453,Proposal,16,612115.98,False,
454,20250311,20250521,1,818,14,OPP-000454,Won,18,98114.86,True,71
455,20251111,,4,264,4,OPP-000455,Proposal,11,672072.24,False,
456,20241017,,5,381,1,OPP-000456,Lead,22,2573912.35,False,
457,20250310,,3,953,4,OPP-000457,Negotiation,16,652171.74,False,
458,20250923,20251205,4,263,4,OPP-000458,Won,20,1274232.78,True,73
459,20250326,20250921,3,346,11,OPP-000459,Won,1,39514.31,True,179
460,20240608,,5,89,5,OPP-000460,Lead,15,1602554.54,False,
461,20250714,,4,21,7,OPP-000461,Proposal,15,1017967.32,False,
462,20260524,,3,451,12,OPP-000462,Proposal,18,745669.04,False,
463,20250131,,3,816,11,OPP-000463,Negotiation,7,297449.25,False,
464,20260330,20260531,4,903,1,OPP-000464,Lost,18,1093045.05,False,94
465,20250613,20250820,3,218,3,OPP-000465,Won,5,200294.48,True,68
466,20260325,20260531,4,845,7,OPP-000466,Won,8,545894.68,True,91
467,20260409,,4,915,5,OPP-000467,Qualified,1,63917.9,False,
468,20250318,20250521,4,100,13,OPP-000468,Won,3,190469.89,True,64
469,20260523,,5,981,9,OPP-000469,Proposal,24,2553422.4,False,
470,20260413,20260531,1,941,6,OPP-000470,Won,25,128832.17,True,53
471,20240714,20240912,5,881,5,OPP-000471,Won,18,2117616.09,True,60
472,20240604,,4,629,2,OPP-000472,Qualified,8,512832.37,False,
473,20250421,20250909,1,260,6,OPP-000473,Won,22,117759.68,True,141
474,20250830,20250920,1,452,10,OPP-000474,Won,16,94977.0,True,21
475,20250311,20250602,3,828,7,OPP-000475,Lost,7,298995.34,False,83
476,20251028,20260212,3,561,10,OPP-000476,Won,11,469055.28,True,107
477,20250316,20250429,5,524,6,OPP-000477,Won,14,1481536.64,True,44
478,20260530,20260531,2,158,2,OPP-000478,Won,4,13177.87,True,65
479,20240714,,1,714,13,OPP-000479,Proposal,9,47321.41,False,
480,20241211,20250505,3,988,14,OPP-000480,Lost,8,355342.72,False,145
481,20250331,20250531,5,984,3,OPP-000481,Won,5,594619.12,True,61
482,20250521,,4,9,5,OPP-000482,Proposal,22,1450919.36,False,
483,20250909,,5,478,10,OPP-000483,Qualified,25,2861370.87,False,
484,20260126,,4,864,6,OPP-000484,Lead,22,1525367.84,False,
485,20251106,20251212,1,7,1,OPP-000485,Lost,18,92673.87,False,36
486,20260201,,1,380,10,OPP-000486,Proposal,12,63700.17,False,
487,20241201,20250324,3,882,2,OPP-000487,Won,1,42204.52,True,113
488,20250919,,2,758,10,OPP-000488,Qualified,11,32913.18,False,
489,20260517,,4,27,4,OPP-000489,Lead,17,1118487.7,False,
490,20251228,20260509,1,176,12,OPP-000490,Lost,17,91032.91,False,132
491,20240604,,5,295,9,OPP-000491,Qualified,13,1495259.46,False,
492,20241223,,4,829,9,OPP-000492,Lead,12,729330.64,False,
493,20240704,20240729,2,351,6,OPP-000493,Won,11,35650.75,True,25
494,20241203,20250203,1,797,10,OPP-000494,Lost,1,5177.21,False,62
495,20240831,20250129,3,545,8,OPP-000495,Won,18,754758.85,True,151
496,20241124,20250110,3,974,9,OPP-000496,Won,19,739660.49,True,47
497,20260212,20260321,1,136,6,OPP-000497,Won,10,59053.86,True,37
498,20240604,20240901,2,464,12,OPP-000498,Lost,24,76754.17,False,89
499,20240727,20241116,1,92,1,OPP-000499,Won,19,110591.98,True,112
500,20260131,20260418,4,691,7,OPP-000500,Won,12,782051.72,True,77
501,20241103,,3,842,1,OPP-000501,Qualified,2,83289.4,False,
502,20250514,20250801,4,373,4,OPP-000502,Won,10,687603.56,True,79
503,20251203,,3,631,12,OPP-000503,Proposal,7,269076.11,False,
504,20250126,,1,334,3,OPP-000504,Negotiation,9,47627.8,False,
505,20260304,,3,316,6,OPP-000505,Qualified,2,85585.21,False,
506,20250610,20250730,4,407,4,OPP-000506,Lost,14,901052.97,False,50
507,20250606,20251116,5,647,2,OPP-000507,Won,10,1107780.64,True,163
508,20240923,20241106,3,921,8,OPP-000508,Won,11,448453.18,True,44
509,20250601,20251108,3,909,7,OPP-000509,Won,8,330328.12,True,160
510,20240607,20240923,5,623,8,OPP-000510,Won,7,742237.67,True,108
511,20250815,,3,710,4,OPP-000511,Qualified,16,667938.04,False,
512,20250716,20251113,1,988,14,OPP-000512,Won,3,15721.6,True,120
513,20241015,20250220,1,560,4,OPP-000513,Lost,7,39113.99,False,128
514,20250721,20250805,5,268,10,OPP-000514,Lost,11,1217575.24,False,15
515,20260408,20260531,3,192,9,OPP-000515,Lost,10,430359.84,False,78
516,20240814,,1,910,14,OPP-000516,Negotiation,9,52295.39,False,
517,20251227,20260324,4,311,1,OPP-000517,Lost,14,895264.19,False,87
518,20250126,20250218,5,564,3,OPP-000518,Won,5,591359.8,True,23
519,20260522,,4,770,3,OPP-000519,Lead,24,1631890.06,False,
520,20240817,20241026,1,641,2,OPP-000520,Won,6,32203.34,True,70
521,20251014,20251129,1,766,13,OPP-000521,Won,3,17396.99,True,46
522,20240903,20241026,1,421,4,OPP-000522,Won,13,66865.32,True,53
523,20250531,20250814,1,820,1,OPP-000523,Lost,8,44877.06,False,75
524,20240607,20241101,4,183,8,OPP-000524,Won,3,203895.64,True,147
525,20240709,,4,815,14,OPP-000525,Lead,12,801737.02,False,
526,20251221,,2,896,3,OPP-000526,Negotiation,19,60817.67,False,
527,20250413,,1,125,12,OPP-000527,Lead,9,52284.31,False,
528,20251116,,3,552,3,OPP-000528,Lead,12,492782.65,False,
529,20250923,20251114,1,94,13,OPP-000529,Lost,17,91786.85,False,52
530,20260105,20260531,2,397,4,OPP-000530,Won,20,66414.25,True,169
531,20241124,,4,624,10,OPP-000531,Proposal,7,438788.97,False,
532,20241224,20250213,1,512,5,OPP-000532,Lost,23,124635.58,False,51
533,20241010,20241213,3,723,13,OPP-000533,Won,8,306567.26,True,64
534,20241222,,5,292,10,OPP-000534,Proposal,7,747640.65,False,
535,20251121,20260220,4,159,8,OPP-000535,Won,6,361972.17,True,91
536,20240724,,1,658,6,OPP-000536,Negotiation,23,134992.91,False,
537,20240617,20241101,5,702,8,OPP-000537,Lost,6,621564.39,False,137
538,20250827,20251122,3,401,11,OPP-000538,Won,18,753569.5,True,87
539,20260423,,5,241,13,OPP-000539,Qualified,3,357752.45,False,
540,20250627,20251005,2,910,14,OPP-000540,Lost,13,38705.28,False,100
541,20250816,,3,181,6,OPP-000541,Proposal,21,891130.08,False,
542,20240811,20241201,5,652,2,OPP-000542,Won,11,1156803.88,True,112
543,20250119,20250222,4,526,6,OPP-000543,Won,15,1047815.84,True,34
544,20241204,,1,22,6,OPP-000544,Negotiation,16,84813.97,False,
545,20250807,20260104,5,700,12,OPP-000545,Lost,7,802928.39,False,150
546,20240713,20241031,5,417,8,OPP-000546,Lost,17,2003240.59,False,110
547,20240630,20240801,1,889,12,OPP-000547,Lost,4,21652.26,False,32
548,20260512,20260531,1,956,1,OPP-000548,Lost,8,43963.58,False,102
549,20250819,,5,225,9,OPP-000549,Proposal,12,1299261.81,False,
550,20260108,20260316,5,498,13,OPP-000550,Lost,10,1113155.83,False,67
551,20251025,20260210,2,849,8,OPP-000551,Won,6,18433.47,True,108
552,20240711,,1,685,3,OPP-000552,Negotiation,6,31708.66,False,
553,20250225,20250426,1,282,7,OPP-000553,Won,4,22883.98,True,60
554,20260328,,4,637,12,OPP-000554,Proposal,5,343499.03,False,
555,20240730,,5,303,14,OPP-000555,Lead,20,2062471.33,False,
556,20250620,20250905,4,71,3,OPP-000556,Lost,7,443125.68,False,77
557,20260215,20260415,3,707,4,OPP-000557,Lost,9,361346.51,False,59
558,20250523,,3,855,12,OPP-000558,Qualified,5,207698.13,False,
559,20240624,,2,86,7,OPP-000559,Lead,16,51062.34,False,
560,20240617,20241030,2,206,9,OPP-000560,Lost,6,19489.84,False,135
561,20251213,20260329,4,826,8,OPP-000561,Won,9,584217.3,True,106
562,20251025,20260114,4,396,1,OPP-000562,Lost,8,525689.85,False,81
563,20250114,,1,447,5,OPP-000563,Proposal,25,128619.34,False,
564,20240726,20240820,4,497,8,OPP-000564,Lost,17,1078863.94,False,25
565,20251208,20251229,2,279,9,OPP-000565,Won,2,6926.55,True,21
566,20240826,20250110,1,814,11,OPP-000566,Won,21,113732.29,True,137
567,20240803,,1,292,10,OPP-000567,Proposal,17,88237.93,False,
568,20250103,,4,555,3,OPP-000568,Lead,10,601190.06,False,
569,20240909,20250128,4,977,9,OPP-000569,Lost,4,254529.49,False,141
570,20250608,,3,234,12,OPP-000570,Qualified,19,742978.45,False,
571,20240929,20241217,2,191,8,OPP-000571,Won,15,48780.67,True,79
572,20260228,20260525,5,535,14,OPP-000572,Lost,5,589710.77,False,86
573,20250401,,1,755,9,OPP-000573,Proposal,18,107657.12,False,
574,20251202,,1,465,9,OPP-000574,Proposal,15,85889.26,False,
575,20251022,,2,947,1,OPP-000575,Proposal,2,6416.74,False,
576,20260305,20260422,1,180,8,OPP-000576,Lost,15,88739.69,False,48
577,20240619,,4,275,1,OPP-000577,Negotiation,7,468397.97,False,
578,20240601,20240708,1,861,4,OPP-000578,Won,13,70119.1,True,37
579,20241005,,2,651,12,OPP-000579,Qualified,16,54833.96,False,
580,20250104,,4,34,13,OPP-000580,Proposal,8,503337.76,False,
581,20250130,,3,155,12,OPP-000581,Lead,21,838224.04,False,
582,20250924,20260216,1,432,12,OPP-000582,Lost,11,65198.55,False,145
583,20240805,20250112,5,351,6,OPP-000583,Won,5,522946.56,True,160
584,20250425,20250716,5,190,9,OPP-000584,Lost,10,1185977.99,False,82
585,20260304,,1,773,8,OPP-000585,Negotiation,11,57606.18,False,
586,20240905,,4,760,14,OPP-000586,Qualified,17,1084246.5,False,
587,20241222,,2,775,12,OPP-000587,Qualified,19,57476.07,False,
588,20250620,,1,164,11,OPP-000588,Proposal,4,22855.5,False,
589,20250731,20251220,1,888,1,OPP-000589,Lost,6,35914.25,False,142
590,20260517,,5,634,5,OPP-000590,Qualified,5,545521.21,False,
591,20240704,20241226,1,431,11,OPP-000591,Won,23,131005.47,True,175
592,20250630,20251009,5,338,5,OPP-000592,Won,1,115647.36,True,101
593,20240611,,5,428,2,OPP-000593,Proposal,15,1563535.54,False,
594,20241022,20241209,5,556,12,OPP-000594,Lost,17,1892065.91,False,48
595,20250110,,5,144,2,OPP-000595,Negotiation,1,113394.49,False,
596,20250811,,5,483,7,OPP-000596,Lead,15,1654613.09,False,
597,20241130,,2,81,11,OPP-000597,Qualified,9,30977.05,False,
598,20250519,20250815,2,824,1,OPP-000598,Lost,4,13873.82,False,88
599,20241008,20241209,3,704,2,OPP-000599,Won,17,688114.63,True,62
600,20250330,20250511,2,885,2,OPP-000600,Won,23,74321.82,True,42
601,20250110,20250218,5,561,10,OPP-000601,Won,9,1060617.99,True,39
602,20260309,20260531,2,192,9,OPP-000602,Won,6,20382.34,True,130
603,20241225,20250314,3,474,6,OPP-000603,Won,3,125426.89,True,79
604,20250827,,4,565,12,OPP-000604,Negotiation,14,979709.69,False,
605,20241228,20250510,5,939,9,OPP-000605,Lost,12,1312641.62,False,133
606,20260211,20260516,2,227,9,OPP-000606,Won,16,51722.26,True,94
607,20250821,,1,700,12,OPP-000607,Qualified,9,50467.49,False,
608,20250715,20250804,4,318,3,OPP-000608,Won,22,1429525.46,True,20
609,20241216,20250329,5,340,7,OPP-000609,Won,2,237254.08,True,103
610,20250301,,5,346,11,OPP-000610,Qualified,16,1724659.1,False,
611,20250715,,2,475,9,OPP-000611,Proposal,4,13748.05,False,
612,20260420,20260531,3,191,8,OPP-000612,Won,7,288027.37,True,92
613,20251224,,1,334,3,OPP-000613,Qualified,17,101179.5,False,
614,20250930,,1,136,6,OPP-000614,Proposal,20,104372.03,False,
615,20241115,20250319,4,176,12,OPP-000615,Lost,5,328761.59,False,124
616,20241028,20241216,3,860,9,OPP-000616,Lost,16,635967.89,False,49
617,20240624,,2,930,5,OPP-000617,Qualified,3,10401.94,False,
618,20260519,,3,158,2,OPP-000618,Qualified,15,576596.49,False,
619,20250423,,2,641,2,OPP-000619,Qualified,21,62587.27,False,
620,20251025,20251118,2,204,13,OPP-000620,Lost,11,37212.07,False,24
621,20250629,20250901,4,981,9,OPP-000621,Lost,1,59987.95,False,64
622,20250216,,5,135,5,OPP-000622,Negotiation,1,119475.58,False,
623,20241220,20250129,2,408,1,OPP-000623,Lost,22,69598.75,False,40
624,20250509,,2,733,10,OPP-000624,Lead,10,30540.19,False,
625,20251010,,5,458,7,OPP-000625,Negotiation,11,1290739.87,False,
626,20250206,,1,313,6,OPP-000626,Proposal,21,112467.23,False,
627,20240623,,1,229,3,OPP-000627,Negotiation,6,31751.67,False,
628,20251008,,5,673,6,OPP-000628,Qualified,18,2016625.46,False,
629,20260315,,4,387,2,OPP-000629,Qualified,25,1679521.58,False,
630,20251219,,4,359,7,OPP-000630,Negotiation,19,1294439.0,False,
631,20250907,,3,520,5,OPP-000631,Lead,15,596596.06,False,
632,20250103,20250605,4,348,3,OPP-000632,Won,5,335730.99,True,153
633,20251124,,1,755,9,OPP-000633,Proposal,19,110710.73,False,
634,20241122,20250207,5,489,13,OPP-000634,Lost,24,2454741.06,False,77
635,20250418,20250705,4,651,12,OPP-000635,Won,10,649540.08,True,78
636,20240714,20240907,5,13,5,OPP-000636,Won,1,117117.8,True,55
637,20250915,,2,618,13,OPP-000637,Negotiation,10,32298.29,False,
638,20241126,,3,644,1,OPP-000638,Lead,16,637506.24,False,
639,20251003,,1,806,3,OPP-000639,Qualified,3,15405.72,False,
640,20250721,20250927,4,594,13,OPP-000640,Lost,9,582017.01,False,68
641,20241123,20250418,1,455,1,OPP-000641,Lost,3,16854.73,False,146
642,20251029,20251119,1,809,14,OPP-000642,Won,9,52424.56,True,21
643,20250912,,1,817,13,OPP-000643,Qualified,17,87197.07,False,
644,20240910,20241030,5,122,8,OPP-000644,Lost,5,549813.26,False,50
645,20250126,,1,578,14,OPP-000645,Proposal,21,113272.98,False,
646,20251124,,1,143,8,OPP-000646,Qualified,16,91846.54,False,
647,20260528,,3,989,9,OPP-000647,Proposal,19,806473.06,False,
648,20250811,,4,604,10,OPP-000648,Lead,7,441158.74,False,
649,20250401,20250614,5,800,1,OPP-000649,Won,12,1248242.28,True,74
650,20250130,,5,638,1,OPP-000650,Qualified,19,2250828.41,False,
651,20250822,20250924,3,775,12,OPP-000651,Won,25,1006683.72,True,33
652,20250401,20250901,3,235,8,OPP-000652,Won,3,128970.86,True,153
653,20241213,20250207,2,330,7,OPP-000653,Won,13,41804.15,True,56
654,20240821,20241114,3,276,7,OPP-000654,Won,10,443594.38,True,85
655,20240605,,2,654,2,OPP-000655,Qualified,20,63502.23,False,
656,20260528,20260531,4,523,14,OPP-000656,Won,6,407969.64,True,74
657,20241222,20250612,3,409,12,OPP-000657,Won,19,803291.16,True,172
658,20260118,20260311,4,435,8,OPP-000658,Lost,8,551484.18,False,52
659,20260226,20260403,1,717,3,OPP-000659,Lost,20,102576.11,False,36
660,20250221,,4,410,11,OPP-000660,Lead,1,61888.25,False,
661,20250607,20250823,1,137,13,OPP-000661,Lost,12,67130.46,False,77
662,20260519,20260531,1,706,6,OPP-000662,Lost,2,10280.3,False,81
663,20251216,,5,793,1,OPP-000663,Lead,8,900323.77,False,
664,20250813,,1,402,6,OPP-000664,Proposal,10,55656.05,False,
665,20250611,20251016,5,731,13,OPP-000665,Lost,6,633566.43,False,127
666,20241204,,1,769,12,OPP-000666,Negotiation,24,138985.57,False,
667,20251218,20260320,3,597,2,OPP-000667,Lost,6,267349.86,False,92
668,20250807,,1,443,2,OPP-000668,Qualified,17,87549.91,False,
669,20260219,20260531,4,49,9,OPP-000669,Won,8,521576.55,True,104
670,20250108,20250316,1,78,12,OPP-000670,Won,22,115105.23,True,67
671,20260311,20260531,1,193,10,OPP-000671,Won,5,28972.77,True,82
672,20251115,,5,365,9,OPP-000672,Negotiation,6,668819.04,False,
673,20251104,20251216,4,365,9,OPP-000673,Lost,7,463388.08,False,42
674,20251022,,5,257,3,OPP-000674,Negotiation,16,1832541.03,False,
675,20251112,20251210,4,384,6,OPP-000675,Lost,7,483387.77,False,28
676,20240923,20241125,3,785,12,OPP-000676,Won,7,297157.08,True,63
677,20240908,20241001,5,526,6,OPP-000677,Lost,16,1880702.1,False,23
678,20241019,20241208,1,956,1,OPP-000678,Won,18,94808.41,True,50
679,20260409,,4,605,1,OPP-000679,Negotiation,16,1059495.46,False,
680,20240801,20241106,1,633,9,OPP-000680,Lost,23,130709.88,False,97
681,20250529,,2,845,7,OPP-000681,Proposal,6,20868.37,False,
682,20250805,20250916,4,245,7,OPP-000682,Won,6,418843.71,True,42
683,20260422,,3,561,10,OPP-000683,Negotiation,10,402720.61,False,
684,20240716,20241121,1,813,6,OPP-000684,Won,7,35781.48,True,128
685,20260210,,1,477,5,OPP-000685,Proposal,8,46260.3,False,
686,20240730,,4,938,1,OPP-000686,Lead,18,1089605.37,False,
687,20250322,20250914,3,202,8,OPP-000687,Won,19,812753.56,True,176
688,20240709,,5,3,10,OPP-000688,Negotiation,19,2152934.86,False,
689,20240829,,4,423,6,OPP-000689,Negotiation,3,185054.08,False,
690,20240827,,5,89,5,OPP-000690,Qualified,11,1292638.4,False,
691,20250208,20250720,2,875,12,OPP-000691,Won,8,24230.71,True,162
692,20240620,20241202,4,581,8,OPP-000692,Won,16,1012045.97,True,165
693,20250712,20251002,2,212,5,OPP-000693,Won,19,60260.87,True,82
694,20240619,20240929,3,215,4,OPP-000694,Won,22,935089.59,True,102
695,20251210,20260405,2,883,5,OPP-000695,Won,24,79793.23,True,116
696,20240902,20241218,3,80,2,OPP-000696,Lost,15,643376.49,False,107
697,20240810,20241212,3,3,10,OPP-000697,Won,18,703623.24,True,124
698,20260331,20260510,1,168,3,OPP-000698,Lost,5,26247.65,False,40
699,20250127,20250521,2,625,2,OPP-000699,Lost,2,6799.84,False,114
700,20260414,20260531,4,255,7,OPP-000700,Lost,13,860778.79,False,60
701,20240904,,2,261,4,OPP-000701,Qualified,4,12459.39,False,
702,20240804,20241017,1,266,5,OPP-000702,Won,18,97158.73,True,74
703,20260430,,4,945,11,OPP-000703,Lead,12,779535.53,False,
704,20240927,,3,335,5,OPP-000704,Lead,20,852015.52,False,
705,20250413,20250718,4,341,11,OPP-000705,Won,17,1041325.9,True,96
706,20250320,20250812,1,894,2,OPP-000706,Lost,4,21140.2,False,145
707,20241018,,5,885,2,OPP-000707,Lead,11,1287212.47,False,
708,20250914,20260115,5,978,3,OPP-000708,Won,21,2334037.67,True,123
709,20250724,,5,17,7,OPP-000709,Proposal,15,1688982.51,False,
710,20260304,,5,356,6,OPP-000710,Qualified,9,1055734.94,False,
711,20260116,20260522,1,128,3,OPP-000711,Lost,2,10841.62,False,126
712,20250730,20251101,2,820,1,OPP-000712,Won,7,23597.88,True,94
713,20250325,,5,79,4,OPP-000713,Lead,2,221952.03,False,
714,20260415,20260505,5,240,2,OPP-000714,Lost,7,770116.65,False,20
715,20240930,20250323,1,336,7,OPP-000715,Won,2,11036.22,True,174
716,20250917,20251123,3,677,3,OPP-000716,Won,15,581414.14,True,67
717,20250223,20250708,4,735,3,OPP-000717,Won,20,1288809.35,True,135
718,20250705,20251013,2,416,11,OPP-000718,Lost,21,72615.58,False,100
719,20240706,,1,181,6,OPP-000719,Proposal,1,5610.23,False,
720,20240815,20250120,2,358,13,OPP-000720,Won,15,48485.94,True,158
721,20260324,,2,354,13,OPP-000721,Proposal,13,45351.72,False,
722,20250505,20250828,2,492,6,OPP-000722,Won,11,33498.43,True,115
723,20260102,20260307,5,78,12,OPP-000723,Won,19,2147387.74,True,64
724,20250515,20251010,1,403,10,OPP-000724,Lost,2,11982.1,False,148
725,20250714,20251006,1,507,10,OPP-000725,Lost,18,96522.13,False,84
726,20250119,,4,819,1,OPP-000726,Qualified,19,1144787.88,False,
727,20250914,,3,497,8,OPP-000727,Qualified,25,1101179.8,False,
728,20250520,20250811,3,50,11,OPP-000728,Won,2,89485.38,True,83
729,20250613,20251014,5,215,4,OPP-000729,Won,10,1150602.51,True,123
730,20260309,20260531,2,319,3,OPP-000730,Lost,6,19978.37,False,90
731,20241114,20250327,2,455,1,OPP-000731,Won,25,77902.5,True,133
732,20240704,20241115,2,195,3,OPP-000732,Won,7,24104.08,True,134
733,20260410,,2,282,7,OPP-000733,Proposal,1,3277.24,False,
734,20251007,,5,455,1,OPP-000734,Qualified,18,2155707.9,False,
735,20250623,20250803,4,555,3,OPP-000735,Won,7,482917.39,True,41
736,20250926,20260121,3,929,7,OPP-000736,Won,1,44816.95,True,117
737,20260301,,4,180,8,OPP-000737,Proposal,17,1124357.94,False,
738,20251216,20260516,4,851,9,OPP-000738,Won,20,1348469.92,True,151
739,20260118,,5,176,12,OPP-000739,Lead,5,556233.13,False,
740,20240830,20241108,4,688,6,OPP-000740,Won,16,956099.7,True,70
741,20250228,,3,496,13,OPP-000741,Proposal,11,440521.09,False,
742,20241222,,2,224,9,OPP-000742,Proposal,16,48528.2,False,
743,20250208,20250402,5,513,3,OPP-000743,Lost,22,2329373.85,False,53
744,20250902,20251129,3,619,14,OPP-000744,Lost,4,162310.22,False,88
745,20260402,,4,222,6,OPP-000745,Proposal,11,753481.3,False,
746,20251210,,4,81,11,OPP-000746,Negotiation,9,613177.54,False,
747,20260310,,1,403,10,OPP-000747,Lead,13,74729.03,False,
748,20250922,,5,406,10,OPP-000748,Qualified,7,816097.64,False,
749,20260317,20260531,3,383,1,OPP-000749,Won,13,562080.66,True,82
750,20241114,20250131,2,329,5,OPP-000750,Lost,11,36806.31,False,78
751,20250824,20260219,5,224,9,OPP-000751,Won,24,2576017.36,True,179
752,20241102,,4,165,12,OPP-000752,Proposal,17,1125304.68,False,
753,20250329,20250731,2,451,12,OPP-000753,Lost,12,36163.17,False,124
754,20241125,20250125,3,505,5,OPP-000754,Won,25,1102777.56,True,61
755,20240929,20250307,4,18,7,OPP-000755,Won,17,1137267.99,True,159
756,20250207,,4,987,8,OPP-000756,Qualified,22,1485088.98,False,
757,20250131,20250430,1,955,7,OPP-000757,Won,11,62656.43,True,89
758,20250312,20250402,2,312,14,OPP-000758,Lost,3,9703.66,False,21
759,20260503,20260531,3,163,7,OPP-000759,Lost,7,303631.17,False,90
760,20260420,20260531,5,36,3,OPP-000760,Won,12,1303420.81,True,86
761,20260403,20260531,2,78,12,OPP-000761,Lost,22,72445.85,False,149
762,20250909,20251007,5,751,5,OPP-000762,Won,22,2425550.89,True,28
763,20241221,20250428,4,58,7,OPP-000763,Won,4,249701.42,True,128
764,20241210,,5,384,6,OPP-000764,Qualified,23,2691722.96,False,
765,20260316,20260531,5,731,13,OPP-000765,Won,2,209105.73,True,80
766,20240704,,5,978,3,OPP-000766,Proposal,10,1070409.22,False,
767,20260114,,5,704,2,OPP-000767,Negotiation,9,1047550.34,False,
768,20241117,20250201,1,636,3,OPP-000768,Lost,8,41711.87,False,76
769,20250313,20250624,2,323,5,OPP-000769,Won,11,34880.89,True,103
770,20250509,,5,774,7,OPP-000770,Negotiation,24,2643640.64,False,
771,20240706,20240730,4,732,3,OPP-000771,Won,25,1620282.94,True,24
772,20250416,20250714,3,284,1,OPP-000772,Lost,24,1046771.29,False,89
773,20250902,,2,859,2,OPP-000773,Qualified,13,43182.81,False,
774,20241023,,3,599,11,OPP-000774,Qualified,20,771536.89,False,
775,20241023,20250418,4,695,8,OPP-000775,Won,13,876120.62,True,177
776,20251225,,5,47,11,OPP-000776,Lead,7,757739.31,False,
777,20250720,20250827,4,182,2,OPP-000777,Lost,24,1663922.44,False,38
778,20260216,20260531,4,50,11,OPP-000778,Won,2,137937.57,True,165
779,20240826,20241221,1,314,1,OPP-000779,Won,22,121026.61,True,117
780,20251214,20260204,2,678,3,OPP-000780,Lost,14,47559.96,False,52
781,20250727,20251219,5,703,9,OPP-000781,Won,3,336734.1,True,145
782,20241207,20250526,1,173,9,OPP-000782,Won,7,39387.05,True,170
783,20250413,,5,468,8,OPP-000783,Proposal,22,2401457.37,False,
784,20260322,,4,157,2,OPP-000784,Negotiation,15,1005986.6,False,
785,20250226,20250525,2,113,9,OPP-000785,Won,3,9836.02,True,88
786,20250724,,5,39,10,OPP-000786,Proposal,2,233225.0,False,
787,20240602,,4,76,1,OPP-000787,Proposal,8,548611.8,False,
788,20240621,20240908,1,732,3,OPP-000788,Lost,17,88749.47,False,79
789,20250602,20250719,3,431,11,OPP-000789,Won,24,968077.72,True,47
790,20260109,,2,946,2,OPP-000790,Lead,20,61862.72,False,
791,20240831,,2,625,2,OPP-000791,Negotiation,11,35935.4,False,
792,20250122,20250611,5,784,13,OPP-000792,Won,5,542463.66,True,140
793,20241106,20250326,2,16,1,OPP-000793,Won,25,79869.49,True,140
794,20250411,20250712,5,117,6,OPP-000794,Won,4,430055.86,True,92
795,20250828,,3,25,3,OPP-000795,Proposal,15,606932.67,False,
796,20241219,,5,470,10,OPP-000796,Negotiation,14,1603530.5,False,
797,20250802,,4,75,13,OPP-000797,Lead,12,787201.34,False,
798,20250625,20250815,5,775,12,OPP-000798,Lost,25,2600461.43,False,51
799,20251223,20260129,3,372,9,OPP-000799,Lost,5,212121.38,False,37
800,20260105,,3,565,12,OPP-000800,Lead,14,543588.21,False,
801,20240815,,1,663,9,OPP-000801,Qualified,10,58076.8,False,
802,20250609,,1,401,11,OPP-000802,Qualified,17,99498.58,False,
803,20251123,,4,782,6,OPP-000803,Lead,21,1410322.87,False,
804,20250703,,5,977,9,OPP-000804,Qualified,23,2745116.16,False,
805,20241230,,5,881,5,OPP-000805,Qualified,15,1568782.53,False,
806,20260203,20260425,2,585,7,OPP-000806,Lost,5,16174.88,False,81
807,20250727,20251020,2,305,2,OPP-000807,Won,4,13095.43,True,85
808,20250617,20250709,4,595,5,OPP-000808,Won,5,347781.17,True,22
809,20240709,20240908,3,650,9,OPP-000809,Lost,11,436858.2,False,61
810,20240823,,3,876,14,OPP-000810,Proposal,2,87617.81,False,
811,20260404,20260531,2,473,5,OPP-000811,Won,1,3047.41,True,105
812,20240913,20241210,1,340,7,OPP-000812,Lost,6,35159.47,False,88
813,20260107,,3,172,7,OPP-000813,Negotiation,12,523828.05,False,
814,20260524,20260531,4,18,7,OPP-000814,Lost,2,119984.6,False,30
815,20250226,,2,779,5,OPP-000815,Negotiation,20,69702.9,False,
816,20251229,20260504,2,444,14,OPP-000816,Lost,1,3206.49,False,126
817,20260212,,1,876,14,OPP-000817,Lead,8,41226.81,False,
818,20250211,20250310,5,133,8,OPP-000818,Won,11,1161949.97,True,27
819,20250328,20250624,5,282,7,OPP-000819,Lost,1,103164.02,False,88
820,20260416,20260531,2,189,6,OPP-000820,Won,15,48741.73,True,47
821,20241108,20241218,5,207,11,OPP-000821,Won,4,445211.87,True,40
822,20250309,,5,486,6,OPP-000822,Qualified,2,204016.63,False,
823,20240923,20250125,3,608,10,OPP-000823,Won,19,848761.29,True,124
824,20241002,20250318,5,364,13,OPP-000824,Won,20,2126032.67,True,167
825,20260514,,5,473,5,OPP-000825,Proposal,10,1178121.87,False,
826,20250818,20250928,2,881,5,OPP-000826,Lost,6,20100.14,False,41
827,20251204,,2,593,7,OPP-000827,Qualified,17,57876.04,False,
828,20250924,20260104,5,778,5,OPP-000828,Lost,24,2673656.55,False,102
829,20240904,,3,584,4,OPP-000829,Proposal,12,528283.88,False,
830,20250912,20251211,2,280,13,OPP-000830,Won,22,70415.7,True,90
831,20250710,20250912,4,789,8,OPP-000831,Won,4,257133.04,True,64
832,20240912,20250223,1,798,13,OPP-000832,Won,12,67431.25,True,164
833,20250728,20251028,3,969,10,OPP-000833,Won,9,371261.32,True,92
834,20250122,20250328,2,908,7,OPP-000834,Lost,9,27770.21,False,65
835,20250928,,4,483,7,OPP-000835,Negotiation,17,1148592.65,False,
836,20240710,20241013,1,275,1,OPP-000836,Won,2,11033.66,True,95
837,20240915,20250226,4,502,10,OPP-000837,Won,24,1514324.55,True,164
838,20260316,,2,672,10,OPP-000838,Qualified,18,54994.82,False,
839,20260426,20260531,5,13,5,OPP-000839,Won,3,343622.69,True,108
840,20260102,,4,887,4,OPP-000840,Negotiation,23,1598790.27,False,
841,20240818,20241123,4,592,5,OPP-000841,Lost,13,895171.46,False,97
842,20260515,20260531,3,955,7,OPP-000842,Lost,11,476359.3,False,25
843,20240904,20250211,2,855,12,OPP-000843,Won,10,34297.65,True,160
844,20260413,,3,13,5,OPP-000844,Negotiation,25,958638.49,False,
845,20251127,20260516,3,84,3,OPP-000845,Won,5,194010.52,True,170
846,20250114,20250627,3,239,1,OPP-000846,Won,2,84552.62,True,164
847,20260216,20260531,5,597,2,OPP-000847,Won,9,977330.5,True,170
848,20260114,,4,855,12,OPP-000848,Negotiation,11,694220.85,False,
849,20251106,,1,693,13,OPP-000849,Qualified,2,11867.4,False,
850,20251208,20260422,3,751,5,OPP-000850,Lost,24,1069470.34,False,135
851,20240618,,3,685,3,OPP-000851,Lead,18,728719.68,False,
852,20260309,,1,768,1,OPP-000852,Qualified,12,71544.32,False,
853,20250924,,2,903,1,OPP-000853,Proposal,15,50872.74,False,
854,20241002,20241111,2,382,4,OPP-000854,Won,8,26071.89,True,40
855,20251231,20260212,4,130,4,OPP-000855,Won,13,824323.18,True,43
856,20240715,20240809,5,686,13,OPP-000856,Lost,23,2688446.51,False,25
857,20250602,20250718,5,928,12,OPP-000857,Lost,6,701953.47,False,46
858,20250924,,2,60,4,OPP-000858,Lead,21,62681.71,False,
859,20240627,20240724,5,621,11,OPP-000859,Lost,23,2546409.53,False,27
860,20240623,20241201,2,799,5,OPP-000860,Won,22,74561.08,True,161
861,20241122,20250330,3,102,10,OPP-000861,Lost,17,711482.45,False,128
862,20260310,20260330,3,245,7,OPP-000862,Won,22,980273.68,True,20
863,20260211,20260512,5,437,8,OPP-000863,Lost,9,981898.98,False,90
864,20240801,20241110,1,432,12,OPP-000864,Lost,18,105278.42,False,101
865,20260422,,4,838,11,OPP-000865,Negotiation,24,1548685.47,False,
866,20251014,20251220,2,338,5,OPP-000866,Won,25,79809.9,True,67
867,20241123,20250305,4,930,5,OPP-000867,Won,3,209958.53,True,102
868,20260401,20260525,3,713,1,OPP-000868,Won,18,778338.71,True,54
869,20250315,20250530,4,225,9,OPP-000869,Won,24,1515262.79,True,76
870,20251231,,5,392,10,OPP-000870,Qualified,12,1334329.45,False,
871,20260417,20260531,1,977,9,OPP-000871,Lost,17,92127.4,False,129
872,20250603,20250721,3,154,4,OPP-000872,Won,20,803707.3,True,48
873,20250425,,4,376,5,OPP-000873,Lead,10,673387.39,False,
874,20250701,20250826,5,362,5,OPP-000874,Lost,20,2049124.42,False,56
875,20251031,20260125,2,457,10,OPP-000875,Won,18,54543.8,True,86
876,20251221,20260504,2,658,6,OPP-000876,Won,19,61384.72,True,134
877,20241207,,5,400,7,OPP-000877,Proposal,14,1447305.06,False,
878,20251012,,2,256,10,OPP-000878,Lead,21,63265.56,False,
879,20250129,20250324,5,610,2,OPP-000879,Won,16,1777646.67,True,54
880,20240918,20241028,5,929,7,OPP-000880,Lost,17,1823528.91,False,40
881,20240924,20241105,3,761,5,OPP-000881,Won,18,791823.65,True,42
882,20241013,20250308,1,153,1,OPP-000882,Won,24,133655.92,True,146
883,20240902,20241118,1,734,4,OPP-000883,Won,24,137904.69,True,77
884,20250805,,3,898,2,OPP-000884,Qualified,21,816289.73,False,
885,20241004,20250116,2,542,3,OPP-000885,Won,5,16281.42,True,104
886,20250804,,3,393,1,OPP-000886,Qualified,17,668793.42,False,
887,20241127,20250408,2,866,10,OPP-000887,Lost,23,68613.48,False,132
888,20240927,,2,553,6,OPP-000888,Lead,8,27946.67,False,
889,20240607,,4,365,9,OPP-000889,Lead,9,595374.72,False,
890,20260211,20260529,1,648,13,OPP-000890,Lost,13,75371.34,False,107
891,20250218,20250628,5,570,3,OPP-000891,Won,13,1337364.84,True,130
892,20250214,20250713,4,948,2,OPP-000892,Won,7,422206.95,True,149
893,20250504,,5,68,10,OPP-000893,Proposal,14,1523600.18,False,
894,20250222,,5,815,14,OPP-000894,Negotiation,4,465836.49,False,
895,20260225,20260422,4,457,10,OPP-000895,Lost,24,1498858.65,False,56
896,20250303,20250427,5,291,4,OPP-000896,Won,2,238515.84,True,55
897,20250806,20251010,2,460,13,OPP-000897,Won,22,67188.24,True,65
898,20260306,20260425,5,358,13,OPP-000898,Won,21,2346160.52,True,50
899,20251016,20251230,2,366,2,OPP-000899,Lost,8,26985.91,False,75
900,20251214,,4,656,9,OPP-000900,Qualified,25,1673507.21,False,
901,20260501,20260531,2,321,6,OPP-000901,Lost,18,61836.96,False,115
902,20251212,,2,986,14,OPP-000902,Qualified,19,61481.13,False,
903,20240820,,3,925,8,OPP-000903,Qualified,16,642443.25,False,
904,20241006,20241031,5,521,4,OPP-000904,Won,4,471257.99,True,25
905,20251108,,4,25,3,OPP-000905,Qualified,2,126343.71,False,
906,20260121,,2,487,8,OPP-000906,Qualified,11,33559.07,False,
907,20251214,20260309,2,73,6,OPP-000907,Lost,5,15934.41,False,85
908,20241115,20250407,4,980,12,OPP-000908,Lost,2,128531.81,False,143
909,20250319,20250817,4,482,13,OPP-000909,Won,16,1078517.75,True,151
910,20241130,20241227,5,972,6,OPP-000910,Won,1,117096.42,True,27
911,20250121,,1,279,9,OPP-000911,Lead,10,54507.38,False,
912,20241015,,1,460,13,OPP-000912,Qualified,12,66591.5,False,
913,20260209,,3,606,10,OPP-000913,Qualified,4,161738.0,False,
914,20241020,,5,941,6,OPP-000914,Lead,16,1863353.72,False,
915,20250615,20250912,1,392,10,OPP-000915,Lost,23,122549.98,False,89
916,20260520,,5,934,13,OPP-000916,Lead,3,332127.86,False,
917,20260527,20260531,4,936,6,OPP-000917,Won,3,188445.8,True,123
918,20240717,20241019,1,139,9,OPP-000918,Lost,19,98985.13,False,94
919,20250923,,4,48,5,OPP-000919,Qualified,5,332696.99,False,
920,20260328,,2,713,1,OPP-000920,Negotiation,19,57185.6,False,
921,20251211,20260104,5,202,8,OPP-000921,Won,19,2062993.15,True,24
922,20240731,,1,859,2,OPP-000922,Lead,20,105187.23,False,
923,20240620,,4,190,9,OPP-000923,Proposal,22,1488699.09,False,
924,20250715,,2,299,9,OPP-000924,Negotiation,7,22628.7,False,
925,20240910,20250120,3,730,14,OPP-000925,Lost,25,1093473.45,False,132
926,20251201,20260210,5,634,5,OPP-000926,Lost,14,1597489.47,False,71
927,20240809,20241101,1,692,5,OPP-000927,Won,8,46361.25,True,84
928,20240617,20240926,5,589,2,OPP-000928,Won,20,2080407.82,True,101
929,20251007,,3,727,2,OPP-000929,Lead,3,114755.28,False,
930,20251002,20260103,5,24,14,OPP-000930,Lost,5,525475.85,False,93
931,20260329,20260522,5,759,3,OPP-000931,Lost,25,2587133.14,False,54
932,20260212,,5,564,3,OPP-000932,Negotiation,13,1396763.97,False,
933,20251028,20260401,4,264,4,OPP-000933,Won,16,1103902.6,True,155
934,20241117,,1,792,1,OPP-000934,Proposal,1,5971.2,False,
935,20240822,20241013,1,551,11,OPP-000935,Lost,24,128279.23,False,52
936,20250215,,1,272,12,OPP-000936,Lead,14,80293.05,False,
937,20250223,20250712,2,992,2,OPP-000937,Lost,3,10286.32,False,139
938,20241113,20250125,1,444,14,OPP-000938,Won,20,114256.19,True,73
939,20241130,,1,514,3,OPP-000939,Proposal,13,67709.62,False,
940,20251227,,2,470,10,OPP-000940,Qualified,1,3082.5,False,
941,20240709,20241205,5,970,3,OPP-000941,Lost,23,2436086.45,False,149
942,20250417,20250801,1,686,13,OPP-000942,Lost,4,21875.0,False,106
943,20251015,,1,77,10,OPP-000943,Qualified,2,10202.83,False,
944,20251110,20260501,5,471,10,OPP-000944,Won,4,443931.05,True,172
945,20251011,,4,595,5,OPP-000945,Qualified,15,948554.02,False,
946,20241110,20250401,1,167,8,OPP-000946,Lost,13,68818.93,False,142
947,20240915,20250314,4,642,9,OPP-000947,Won,15,957081.25,True,180
948,20251214,,1,388,4,OPP-000948,Lead,8,44356.35,False,
949,20260114,,3,801,13,OPP-000949,Lead,21,876661.76,False,
950,20251023,,3,682,5,OPP-000950,Qualified,6,265142.65,False,
951,20251011,,4,92,1,OPP-000951,Qualified,5,329040.3,False,
952,20260529,,3,85,10,OPP-000952,Proposal,19,851956.81,False,
953,20240826,20241217,5,946,2,OPP-000953,Won,13,1502209.21,True,113
954,20250924,20260205,5,171,3,OPP-000954,Won,18,1836942.38,True,134
955,20260131,20260408,4,932,12,OPP-000955,Lost,16,1082907.63,False,67
956,20250619,20250930,3,314,1,OPP-000956,Lost,13,561746.36,False,103
957,20240730,20241125,1,977,9,OPP-000957,Lost,14,72567.37,False,118
958,20240714,20241207,4,723,13,OPP-000958,Won,25,1685806.75,True,146
959,20240916,,3,79,4,OPP-000959,Negotiation,21,910875.92,False,
960,20240812,,2,196,3,OPP-000960,Negotiation,10,30662.34,False,
961,20250501,20250807,3,729,9,OPP-000961,Won,16,691323.26,True,98
962,20260511,20260531,3,835,14,OPP-000962,Lost,19,744925.44,False,101
963,20250818,,3,557,5,OPP-000963,Qualified,10,399052.48,False,
964,20240720,20241215,5,605,1,OPP-000964,Lost,1,115303.43,False,148
965,20250321,20250722,1,576,11,OPP-000965,Won,10,59658.36,True,123
966,20250414,20250728,3,310,12,OPP-000966,Lost,11,481331.15,False,105
967,20240926,,2,347,8,OPP-000967,Lead,14,43912.98,False,
968,20250409,,1,808,14,OPP-000968,Proposal,5,25834.29,False,
969,20250405,20250607,2,374,3,OPP-000969,Lost,15,48474.01,False,63
970,20260118,20260531,3,934,13,OPP-000970,Won,11,434859.84,True,178
971,20250920,,5,926,12,OPP-000971,Lead,25,2866452.97,False,
972,20251215,20260119,4,227,9,OPP-000972,Lost,21,1376199.7,False,35
973,20251012,20251119,3,350,2,OPP-000973,Lost,24,974099.88,False,38
974,20240709,,1,909,7,OPP-000974,Lead,15,87989.78,False,
975,20240613,20241002,4,677,3,OPP-000975,Lost,17,1171286.06,False,111
976,20241227,20250302,2,367,12,OPP-000976,Won,14,46225.87,True,65
977,20251103,,5,845,7,OPP-000977,Negotiation,7,815277.72,False,
978,20250326,20250813,3,837,13,OPP-000978,Lost,5,211159.55,False,140
979,20251002,20260110,5,444,14,OPP-000979,Won,8,851046.49,True,100
980,20251205,,5,519,10,OPP-000980,Proposal,2,238774.68,False,
981,20240815,20241012,1,554,4,OPP-000981,Lost,12,61252.63,False,58
982,20250218,20250509,4,743,14,OPP-000982,Won,2,129536.35,True,80
983,20250415,,4,594,13,OPP-000983,Lead,15,941021.09,False,
984,20241024,20250307,5,900,4,OPP-000984,Lost,21,2449795.62,False,134
985,20250108,,3,200,12,OPP-000985,Negotiation,20,835217.74,False,
986,20251024,,2,751,5,OPP-000986,Lead,23,74161.78,False,
987,20241227,,5,194,4,OPP-000987,Lead,5,583033.76,False,
988,20251215,,2,730,14,OPP-000988,Proposal,8,24271.54,False,
989,20241227,,5,565,12,OPP-000989,Negotiation,18,2154007.48,False,
990,20251215,20260126,1,816,11,OPP-000990,Lost,16,89163.94,False,42
991,20250507,,5,724,7,OPP-000991,Negotiation,8,827100.04,False,
992,20250723,20260116,1,181,6,OPP-000992,Won,4,22052.66,True,177
993,20250724,,1,542,3,OPP-000993,Lead,5,29176.46,False,
994,20250322,,3,944,6,OPP-000994,Lead,4,160459.43,False,
995,20250906,20251015,4,68,10,OPP-000995,Won,6,402030.62,True,39
996,20260128,20260422,5,752,3,OPP-000996,Won,13,1507956.32,True,84
997,20240623,20241023,1,79,4,OPP-000997,Won,9,53064.51,True,122
998,20260524,,5,768,1,OPP-000998,Negotiation,21,2423077.65,False,
999,20250221,,2,587,10,OPP-000999,Negotiation,6,17911.04,False,
1000,20250117,,4,223,11,OPP-001000,Proposal,5,332064.31,False,
